,PB23-220608-131619,PB24-220608-122638,PB33-220620-115414,PB39-220629-105034,PB391-220829-111452,PB44-220829-121005,PB61-221024-110730,PB62-221024-120029,PB64-221024-143444,PB70-221024-134346,PB23-220601-142444,PB24-220601-133332,PB33-220614-133339,PB39-220627-104923,PB391-220826-104731,PB44-220826-113745,PB61-221022-094209,PB62-221022-103215,PB64-221022-112221,PB70-221022-121226,PB39-220705-114000,PB391-220902-105101,PB44-220902-114732,PB61-221027-091856,PB62-221027-100635,PB70-221027-114604,PB23-220603-132442,PB24-220603-123453,PB33-220616-112230,PB26-220608-113244,PB27-220608-104154,PB30-220620-100529,PB31-220620-105832,PB46-220926-133715,PB48-220926-121542,PB71-221123-113609,PB72-221123-122441,PB73-221123-131413,PB75-221123-140659,PB26-220601-113859,PB27-220601-104408,PB30-220614-104707,PB31-220614-113720,PB46-220922-132610,PB48-220922-123633,PB71-221121-112814,PB72-221121-121640,PB73-221121-130541,PB75-221121-144718,PB46-220930-111138,PB48-220930-120525,PB71-221130-125512,PB72-221130-134630,PB26-220603-105230,PB27-220603-100206,PB30-220616-092859,PB31-220616-101753
0,45.72315648,40.75913216,40.4430848,42.94443008,78.50000384,45.04354816,62.14909952,53.112832,50.3586816,43.63042816,40.931328,51.0763008,54.54430208,52.24022016,41.01767168,33.89227008,47.41709824,51.97021184,50.7486208,54.86411776,44.7930368,82.837504,41.38532864,46.813184,43.75969792,39.9491072,50.76189184,50.71388672,51.37317888,52.21433344,54.14617088,43.18445568,35.97942784,35.7466112,38.43342336,51.4367488,40.94787584,44.5177856,42.29660672,51.66678016,46.98882048,45.9194368,40.31987712,40.972288,52.14339072,60.54805504,51.50244864,41.05650176,67.90496256,46.01397248,50.78941696,56.32180224,51.14068992,38.3541248,36.48602112,51.40660224,50.39128576
1,95.73285888,95.76873984,90.45295104,87.95406336,128.5095424,95.05308672,122.15861248,98.12246528,105.36828928,88.64006144,95.94093568,111.08564992,104.55400448,107.24982784,91.02721024,93.90194688,107.4266112,106.97981952,110.7582976,114.87363072,94.80257536,127.84713728,91.3948672,96.82272256,98.76946944,89.9588096,105.77166336,105.7234944,96.38281216,97.22396672,104.15570944,103.19413248,85.98913024,90.75621888,93.4428672,96.44638208,100.95722496,89.52741888,102.30611968,96.67657728,101.99842816,95.9291392,95.32964864,100.9819648,102.15309312,115.55749888,96.51208192,91.06604032,117.91466496,91.0237696,110.79909376,106.33150464,101.15039232,98.36347392,96.49553408,106.41620992,100.40082432
2,155.74237184,155.7782528,145.46255872,147.96357632,173.51917568,155.06276352,167.16824576,158.13214208,150.3780864,138.6496,145.95063808,166.09542144,164.56351744,157.25953024,136.03700736,153.91145984,167.43612416,161.9894272,160.76783616,164.88316928,154.81208832,177.85683968,141.4045696,146.8325888,148.77917184,139.968512,150.78129664,155.73303296,151.39241984,152.23373824,159.16548096,158.20374016,130.99876352,150.76573184,143.4525696,146.45608448,145.96702208,134.537216,152.31565824,146.68627968,147.00806144,150.93874688,140.33928192,160.99147776,147.16256256,160.567296,141.52187904,151.07555328,177.92401408,151.03328256,165.80870144,151.34130176,161.15990528,148.37334016,156.50521088,161.4258176,145.41062144
3,215.7518848,205.78811904,200.47200256,207.97308928,218.52880896,200.07223296,227.17792256,208.1415168,200.38762496,193.65920768,205.96015104,216.10512384,224.5730304,212.26913792,181.04664064,203.92132608,212.44592128,216.99903488,220.77751296,224.89284608,199.8217216,227.86637824,201.41391872,191.84222208,208.7886848,184.97798144,200.79099904,205.74273536,211.4019328,197.24337152,209.17518336,213.21334784,181.00830208,195.77552896,193.462272,201.46552832,195.97672448,179.54684928,212.3251712,196.69581824,207.0175744,205.94835456,190.34898432,206.00111104,207.1724032,215.57690368,191.5314176,211.08523008,232.9337856,201.04298496,220.81830912,211.35097856,211.16944384,198.38287872,211.51481856,216.43542528,205.4201344
4,270.76149248,265.797632,260.48167936,267.98276608,278.53832192,250.08177152,277.18746112,258.1512192,255.39723264,248.66881536,250.96978432,271.11473152,279.58263808,272.27865088,241.05631744,253.9307008,257.45555456,277.00871168,270.78705152,279.90228992,249.83126016,272.87601152,261.42343168,236.85185536,268.79819776,234.98784768,250.8005376,265.75241216,256.41172992,252.2529792,259.18488576,263.22305024,226.01793536,240.78516224,253.47178496,246.47532544,255.98623744,234.55645696,262.33503744,251.70542592,252.02737152,265.95786752,235.35845376,266.010624,252.1817088,260.58653696,251.54093056,266.09483776,277.94341888,251.05252352,265.8279424,256.360448,271.17912064,243.392512,266.52459008,276.44510208,265.4298112
5,325.77110016,310.80726528,305.49131264,327.99244288,338.54767104,305.0913792,337.19713792,303.16085248,315.4067456,298.67851776,300.97932288,331.12424448,334.59224576,327.28825856,286.06578688,298.94049792,312.4649984,332.01815552,325.7966592,324.91208704,309.84093696,317.88548096,306.43306496,286.86155776,328.80771072,289.99729152,310.8102144,320.76201984,301.4213632,297.26261248,314.19449344,323.2325632,276.02763776,300.79483904,303.48148736,291.48495872,310.99568128,279.56609024,322.34438656,306.71519744,302.03707392,315.96773376,285.36815616,321.02023168,312.1913856,320.59621376,296.55072768,326.10418688,327.95312128,301.06238976,325.8376192,316.3701248,321.18882304,303.40235264,321.53419776,336.4544512,310.43928064
6,380.78070784,355.81689856,360.50092032,383.00205056,383.55746816,350.10101248,382.20660736,363.17036544,375.41625856,358.68786688,360.98899968,381.13378304,394.60192256,377.29779712,341.0755584,353.9501056,362.47486464,387.0277632,385.80617216,384.92176384,369.85044992,372.89508864,366.44257792,341.87116544,383.81748224,335.00708864,360.81975296,365.77165312,356.43097088,352.272384,359.20412672,373.24210176,336.03715072,350.8043776,348.49128448,341.49466112,361.00538368,339.57576704,377.35415808,356.72457216,347.0467072,365.97710848,330.37795328,371.02993408,367.20099328,365.60601088,356.5600768,381.11379456,387.96263424,346.07202304,380.84706304,376.3798016,381.198336,348.41182208,371.54390016,391.46405888,360.44898304
7,430.79041024,400.82669568,420.51043328,433.01175296,428.56710144,400.11055104,442.21628416,418.17997312,435.42577152,408.69756928,415.99860736,431.14348544,439.61155584,437.30747392,386.08519168,413.95961856,422.4843776,437.0374656,430.81596928,439.93120768,414.8600832,417.90488576,411.4522112,391.88086784,433.8270208,385.0166272,415.82936064,425.78116608,406.44050944,397.28185344,409.21382912,428.25170944,391.0467584,405.81414912,398.50082304,386.5042944,411.01492224,384.58523648,427.3635328,416.73424896,402.05631488,415.98681088,375.38758656,431.03961088,427.21050624,410.61564416,406.5697792,436.12356608,447.9721472,406.08169984,435.85683456,426.389504,431.2080384,398.42152448,431.55324928,436.473856,420.45865984
8,485.80001792,455.83613952,470.52013568,493.02126592,488.5766144,460.11990016,502.22579712,468.18951168,490.4353792,453.70703872,476.00812032,481.15318784,489.62125824,487.31717632,436.09473024,473.96913152,477.49382144,487.047168,485.82541312,484.9410048,459.86955264,467.91442432,466.46165504,436.89066496,493.8366976,440.02623488,460.83915776,475.79086848,461.45011712,447.29171968,464.22327296,473.26150656,446.05636608,465.82366208,443.51029248,446.5139712,461.02478848,439.59484416,482.37330432,466.74378752,452.06585344,470.9965824,430.39719424,481.04914944,482.22011392,470.62515712,466.57929216,486.1329408,492.98178048,461.09130752,495.86634752,486.39901696,486.21748224,443.4313216,481.56295168,486.4835584,465.46829312
9,540.8096256,505.84584192,525.52974336,553.03077888,548.58596352,515.12950784,557.2354048,513.19914496,550.445056,503.71674112,536.01763328,536.16263168,549.6307712,542.326784,491.10450176,528.9787392,527.50352384,542.05677568,540.83518464,539.95061248,514.87916032,522.92419584,516.47135744,481.90029824,538.84633088,500.03591168,505.84879104,535.80054528,506.4597504,502.30132736,509.23307008,523.27104512,491.0661632,510.83329536,498.520064,501.52357888,506.03425792,494.60461568,542.38281728,526.75346432,507.07562496,526.00602624,475.40699136,526.05878272,532.22965248,520.63469568,511.58892544,536.1426432,547.99138816,516.1009152,540.8759808,531.40865024,531.22711552,488.44095488,526.5727488,531.49319168,520.4779008
10,585.81925888,550.8554752,575.53944576,603.04031744,603.59540736,570.13895168,612.24501248,568.20891648,595.45468928,563.72641792,581.0274304,591.1724032,609.64028416,602.33629696,551.11401472,588.98825216,582.51313152,587.06624512,585.84481792,584.96008192,574.88867328,577.93347584,566.480896,541.90997504,598.85600768,545.04554496,565.858304,585.81024768,561.46935808,562.31084032,559.24260864,578.2806528,536.07579648,555.84309248,543.52969728,556.53318656,551.04405504,544.61415424,592.39251968,581.76323584,557.08516352,571.01582336,525.41636608,581.0683904,587.239424,580.64420864,561.59862784,586.1523456,608.00090112,566.11045376,590.8856832,591.4181632,581.23681792,538.45065728,576.58228736,576.50266112,565.48753408
11,640.82886656,600.86534144,625.54882048,648.05011456,663.60508416,615.14858496,672.25468928,618.21845504,650.46413312,613.73612032,641.03694336,651.18191616,669.64979712,657.34590464,611.12369152,648.99792896,632.52283392,632.07604224,645.85449472,629.96987904,634.89818624,627.9430144,616.49043456,591.91967744,643.86564096,595.05524736,625.8679808,640.81985536,606.47899136,612.32054272,619.25228544,633.29026048,591.08524032,610.85253632,593.53939968,601.54281984,606.05366272,604.6236672,642.40222208,636.77284352,617.09467648,616.02545664,570.4261632,631.07792896,632.24889344,625.65400576,606.60842496,641.16178944,658.01060352,611.12025088,635.89515264,646.42777088,636.24658944,598.46017024,621.59208448,636.51233792,625.49704704
12,685.83866368,645.87497472,680.55842816,703.0595584,713.61462272,675.15809792,727.26413312,663.22808832,700.47383552,668.74556416,701.04662016,696.19154944,724.6594048,702.35553792,661.13306624,709.00744192,687.5324416,687.08564992,700.86393856,679.97958144,689.90763008,677.9527168,671.50004224,646.92912128,693.87517952,650.0646912,685.8776576,695.82946304,666.48866816,667.32998656,674.26205696,693.29993728,651.09491712,660.86223872,638.5491968,656.55242752,651.063296,659.63327488,692.4115968,691.78228736,672.104448,666.0349952,620.4358656,676.08772608,687.25866496,670.66363904,656.61779968,691.171328,713.02037504,666.12985856,695.90499328,706.43728384,696.2561024,648.46987264,681.60159744,686.52204032,670.50684416
13,745.84817664,695.88467712,725.56822528,753.06942464,768.62406656,735.16761088,777.27383552,708.2377216,745.4834688,728.75524096,756.05622784,746.20125184,784.66891776,762.36505088,716.14267392,764.01688576,742.54204928,732.0952832,750.87364096,724.98921472,739.91733248,732.96216064,731.5095552,706.93879808,743.88488192,705.07429888,740.88710144,750.83907072,716.49837056,727.33966336,734.27156992,743.30947584,711.10426624,705.87203584,688.55873536,711.5620352,711.07280896,704.64290816,752.42110976,751.79180032,727.11405568,721.04460288,665.44549888,731.09716992,747.26801408,730.673152,706.62766592,741.1810304,758.02968064,721.1393024,750.91460096,761.44689152,741.26573568,708.4793856,726.61139456,731.5316736,720.51621888
14,805.8576896,750.89412096,770.5780224,798.07889408,813.63386368,780.17708032,837.28334848,768.2473984,795.49300736,783.7646848,811.06583552,796.2107904,844.67859456,812.37475328,771.1522816,814.02658816,802.55156224,792.10496,810.88315392,774.99891712,794.92677632,787.97193216,776.51902464,761.9485696,793.89458432,765.08397568,785.89673472,810.84858368,766.50774528,782.34943488,789.2811776,788.31910912,766.11403776,760.88164352,733.56853248,761.5717376,766.08241664,759.65267968,812.43078656,811.80131328,787.12356864,776.0543744,710.45513216,781.10687232,807.27752704,780.6828544,756.63720448,801.19054336,818.03935744,771.1490048,795.9240704,821.45656832,796.27534336,763.48915712,776.62093312,776.54130688,775.5259904
15,850.86748672,810.90363392,830.58753536,848.08859648,863.6432384,840.18642944,897.29302528,823.25684224,855.50268416,838.77412864,871.07534848,846.22032896,889.68822784,872.38443008,826.16188928,874.03610112,847.56135936,852.1146368,865.8927616,835.00826624,844.93647872,842.98153984,831.52863232,811.95794432,848.904192,820.09341952,840.90650624,855.8583808,811.5175424,832.35897344,844.29078528,848.32878592,811.12367104,805.8912768,783.5779072,821.58125056,821.09202432,814.66228736,872.44029952,856.8111104,847.1330816,826.06391296,755.46476544,841.11638528,862.28713472,830.69239296,816.64671744,856.1999872,863.04899072,826.15877632,845.9337728,871.46627072,856.28485632,813.49869568,821.63073024,826.55084544,835.53550336
16,900.87702528,865.91340544,880.59723776,898.09829888,923.65275136,885.19622656,952.30246912,873.2663808,910.51229184,898.78396928,926.08495616,906.23000576,944.69783552,927.39387392,876.17159168,934.04577792,897.57089792,902.12417536,910.90255872,880.01806336,894.94601728,892.99091456,891.53830912,866.96771584,908.9138688,880.10293248,900.9160192,915.86789376,856.52717568,887.36858112,889.30041856,908.33846272,861.1332096,855.9009792,833.5876096,876.59085824,881.10170112,869.6717312,922.45000192,916.82062336,897.142784,876.07361536,815.47444224,896.12599296,917.2967424,890.70206976,871.65632512,906.20985344,913.05869312,876.16831488,905.94328576,926.47571456,911.294464,863.50839808,871.64043264,881.56061696,890.54527488
17,950.88672768,915.922944,940.60658688,948.10783744,983.66226432,935.20576512,1002.31200768,933.2760576,965.52173568,943.79343872,976.09465856,951.23963904,989.70730496,977.40357632,926.18129408,984.05531648,942.58069504,947.13380864,970.91207168,935.02783488,949.95562496,948.00068608,951.54765824,916.97741824,963.92331264,940.11260928,955.92562688,975.87757056,901.53680896,937.37828352,934.31005184,953.34793216,921.1428864,905.9106816,883.597312,921.60049152,941.11121408,914.68120064,967.4596352,971.83023104,952.15239168,931.0830592,860.48407552,941.13562624,977.3064192,935.71170304,926.6659328,951.21932288,973.06820608,936.17782784,955.95298816,976.48541696,961.3041664,913.51793664,931.6499456,936.5700608,940.55481344
18,1010.89624064,975.9326208,995.6163584,1008.1173504,1038.67170816,990.21520896,1047.32164096,978.28585472,1015.53143808,993.80314112,1031.1041024,1011.24931584,1049.7171456,1037.41325312,981.19073792,1034.06485504,997.59030272,1002.14341632,1030.92158464,985.03737344,999.96516352,1008.01019904,996.55729152,971.98718976,1008.93310976,995.1223808,1010.93523456,1025.88710912,951.54651136,992.38772736,979.31984896,1008.35753984,981.15223552,950.92031488,938.60691968,981.61016832,986.12084736,959.69099776,1017.46917376,1031.83990784,1007.16199936,981.0927616,905.4937088,986.14542336,1022.31605248,995.721216,986.67544576,996.22912,1033.07771904,996.18750464,1000.96262144,1031.49502464,1006.31379968,958.52773376,986.65955328,991.57966848,1000.5643264
19,1055.90603776,1025.9423232,1050.62580224,1053.12698368,1098.68122112,1040.22474752,1092.33127424,1033.29529856,1075.54095104,1038.8127744,1081.11396864,1061.2588544,1109.72665856,1087.42279168,1036.2003456,1079.07448832,1057.59965184,1047.1530496,1075.93138176,1040.04681728,1044.9747968,1053.01966848,1046.56699392,1021.99672832,1063.9425536,1050.13198848,1060.94493696,1080.8967168,1001.55604992,1052.39724032,1024.32948224,1053.36717312,1031.16210176,1010.92982784,993.61652736,1041.62967552,1046.13036032,1019.70051072,1067.47887616,1086.84951552,1057.1718656,1036.10236928,960.50348032,1046.15477248,1077.32549632,1055.73072896,1036.68498432,1051.23856384,1083.0872576,1056.19718144,1055.97222912,1091.50470144,1056.32350208,1003.53736704,1031.6693504,1046.58944,1055.57393408
20,1105.91574016,1075.95186176,1105.63540992,1113.13666048,1158.69089792,1100.23426048,1147.34104576,1093.30481152,1130.55039488,1098.82212352,1126.12360192,1121.26836736,1159.73619712,1132.43242496,1086.210048,1129.08435456,1107.60935424,1097.16258816,1120.94101504,1090.05651968,1104.98430976,1103.02920704,1091.57646336,1067.0063616,1108.95235072,1095.14162176,1110.95447552,1125.90635008,1061.56556288,1102.40710656,1084.33915904,1103.37687552,1086.1715456,1070.9393408,1038.62632448,1091.63937792,1101.139968,1064.710144,1117.48841472,1131.8591488,1117.18121472,1091.1121408,1010.51301888,1091.16440576,1127.33519872,1115.74040576,1091.694592,1096.24819712,1138.09686528,1106.20672,1115.98174208,1151.5142144,1101.33313536,1048.54700032,1086.67895808,1106.59895296,1105.58363648
21,1155.92527872,1130.96146944,1160.6450176,1163.14636288,1203.70020352,1155.24370432,1197.35058432,1138.3144448,1180.56009728,1158.83180032,1171.13307136,1166.27816448,1204.7458304,1177.44205824,1131.21968128,1174.093824,1152.61898752,1152.17219584,1165.95064832,1135.06615296,1149.9937792,1153.0387456,1146.5859072,1117.016064,1158.96205312,1150.1510656,1170.96398848,1185.91602688,1116.57517056,1157.4165504,1144.348672,1153.38641408,1146.1812224,1130.94885376,1098.63583744,1136.6490112,1151.1496704,1114.7198464,1172.49818624,1191.86866176,1167.19108096,1146.12158464,1055.52265216,1151.17408256,1177.34490112,1170.7498496,1151.7042688,1141.2578304,1183.1066624,1161.21632768,1160.99137536,1201.5239168,1146.34276864,1108.55667712,1146.68863488,1156.60865536,1160.59308032
22,1200.934912,1175.97110272,1215.65478912,1223.15587584,1258.70997504,1205.25340672,1247.36028672,1198.32395776,1225.56973056,1203.84159744,1231.14274816,1221.28760832,1254.7555328,1237.45173504,1186.22928896,1234.1035008,1202.62868992,1202.18189824,1225.96016128,1190.07576064,1205.00338688,1213.04825856,1196.5956096,1167.0257664,1218.97156608,1200.160768,1215.9737856,1230.92566016,1171.58477824,1212.42632192,1204.3583488,1198.39637504,1206.1908992,1175.95865088,1148.64553984,1181.65880832,1201.15920896,1164.7295488,1232.50753536,1236.87829504,1217.20045568,1206.13126144,1105.53235456,1211.18359552,1232.3545088,1220.75971584,1196.71373824,1186.26746368,1243.11601152,1221.22600448,1216.00098304,1261.53342976,1206.35244544,1153.56647424,1206.69814784,1206.61819392,1210.60278272
23,1245.94454528,1235.98077952,1265.66432768,1278.16548352,1303.71960832,1255.26294528,1302.36973056,1243.33359104,1270.57952768,1263.85094656,1286.15235584,1266.2972416,1299.76516608,1282.46136832,1236.23899136,1289.11310848,1262.63820288,1257.19150592,1275.96986368,1235.08555776,1255.01292544,1263.05779712,1251.60505344,1227.0354432,1278.98107904,1250.2704128,1265.983488,1285.93543168,1221.59448064,1272.43583488,1249.36798208,1258.40572416,1251.20036864,1230.96825856,1198.6550784,1236.66825216,1261.16888576,1224.73906176,1292.51721216,1281.88809216,1272.2102272,1261.14086912,1165.54186752,1261.19329792,1292.36402176,1275.76915968,1256.72341504,1231.27709696,1288.12580864,1281.23551744,1266.01068544,1316.54303744,1266.3619584,1208.57608192,1261.70775552,1266.62770688,1260.61248512
24,1300.9543168,1295.99029248,1325.67384064,1323.1751168,1363.72895744,1305.27248384,1352.37943296,1303.34326784,1320.58906624,1318.86071808,1341.16196352,1316.30710784,1344.77479936,1342.47088128,1291.2484352,1344.12255232,1322.64787968,1312.20127744,1335.97937664,1290.09516544,1310.02253312,1318.0674048,1301.61475584,1272.04507648,1328.99078144,1310.27992576,1320.99293184,1330.94506496,1266.60411392,1317.44546816,1294.3777792,1318.41540096,1301.21007104,1275.97789184,1258.66459136,1296.67792896,1316.1783296,1284.74857472,1342.52675072,1336.89786368,1317.21986048,1316.1504768,1220.5514752,1306.2029312,1337.37365504,1320.77879296,1311.73302272,1276.28673024,1338.1353472,1336.24512512,1316.02038784,1371.55264512,1321.37156608,1253.5857152,1306.7173888,1321.6374784,1315.6220928
25,1350.9640192,1340.99992576,1375.6833792,1383.18462976,1413.738496,1350.28211712,1397.38923008,1348.35273728,1365.59869952,1368.87025664,1401.17147648,1371.31655168,1404.78447616,1387.4806784,1336.25823232,1399.13232384,1377.65748736,1367.21088512,1380.98900992,1335.10479872,1365.03197696,1363.07703808,1346.62438912,1332.05458944,1374.00057856,1365.28953344,1371.00279808,1380.95460352,1316.61381632,1377.45514496,1344.38731776,1363.42503424,1361.219584,1335.98756864,1303.67438848,1346.68730368,1361.18812672,1334.75811328,1387.53654784,1381.90733312,1377.22953728,1366.16001536,1280.56098816,1351.21256448,1382.38328832,1365.78842624,1356.742656,1331.29633792,1383.14498048,1386.25482752,1376.0299008,1416.5622784,1371.38110464,1303.5954176,1356.7270912,1366.64711168,1375.63144192
26,1395.97348864,1401.00960256,1430.69315072,1443.19414272,1458.74812928,1405.29156096,1457.3985792,1408.36241408,1410.60849664,1423.87986432,1446.1812736,1421.32625408,1454.79401472,1447.49019136,1396.26774528,1444.14179328,1437.66700032,1427.22056192,1425.99880704,1385.11433728,1410.04161024,1423.08671488,1406.63373824,1377.06438656,1434.01009152,1415.299072,1426.01240576,1440.96428032,1366.62335488,1422.46477824,1399.39692544,1413.43473664,1421.22909696,1390.99717632,1358.68399616,1401.69723904,1406.19776,1389.7678848,1432.54618112,1436.91710464,1437.23905024,1421.16962304,1330.57069056,1396.2223616,1432.39299072,1415.79812864,1411.75226368,1386.3059456,1428.15461376,1446.26434048,1436.0395776,1476.5719552,1421.39080704,1348.60505088,1416.73660416,1411.65674496,1420.6410752
27,1455.98316544,1461.01911552,1485.7027584,1493.20384512,1508.75766784,1450.30119424,1512.40818688,1458.37195264,1465.61794048,1478.88930816,1501.19071744,1466.33588736,1514.80352768,1492.49982464,1451.27735296,1504.15147008,1492.676608,1472.23003136,1486.00832,1430.1241344,1470.0511232,1468.09618432,1456.64344064,1437.07389952,1479.01988864,1465.3087744,1481.02201344,1490.97398272,1421.63296256,1467.47457536,1449.406464,1468.44434432,1471.23879936,1436.0068096,1403.69362944,1456.70668288,1461.20720384,1449.77739776,1492.55569408,1486.9266432,1487.2485888,1466.17942016,1375.58048768,1456.23171072,1492.40250368,1470.80790016,1471.76177664,1446.31545856,1483.16422144,1506.27401728,1491.04902144,1531.58156288,1471.40050944,1403.61465856,1466.7464704,1461.66644736,1465.65087232
28,1500.99279872,1506.02891264,1535.71229696,1548.2134528,1558.7672064,1495.31082752,1557.417984,1513.38156032,1510.6277376,1528.8991744,1561.20039424,1511.34568448,1559.8133248,1542.50952704,1501.28689152,1549.1612672,1552.68612096,1522.23973376,1531.01795328,1475.13376768,1525.06056704,1513.1058176,1501.65307392,1492.0835072,1524.02935808,1510.31840768,1541.0315264,1540.98352128,1476.64257024,1522.4840192,1499.41633024,1523.45378816,1531.24831232,1491.01641728,1448.70326272,1506.71654912,1516.21681152,1494.78703104,1537.56532736,1536.9363456,1537.2582912,1516.18895872,1430.58993152,1516.24138752,1552.41201664,1515.8173696,1531.7712896,1501.32506624,1543.1737344,1561.28362496,1551.0585344,1591.59107584,1526.41011712,1458.62426624,1516.75600896,1521.67579648,1510.6605056
29,1556.0024064,1556.0384512,1585.72199936,1593.22308608,1608.77674496,1555.32017664,1612.42759168,1563.39126272,1555.63737088,1588.90852352,1606.21002752,1566.35529216,1614.82293248,1602.51904,1561.29640448,1599.17080576,1607.69572864,1577.24934144,1591.02746624,1535.14328064,1580.07001088,1563.11552,1556.66251776,1542.0932096,1574.03906048,1555.3282048,1586.04115968,1585.99315456,1521.65203968,1582.493696,1559.4258432,1568.46358528,1591.25782528,1541.02611968,1493.712896,1566.72606208,1566.22651392,1554.796544,1592.57493504,1581.94597888,1587.2679936,1566.19866112,1485.5995392,1576.25090048,1597.42164992,1570.82697728,1576.78092288,1561.33441536,1603.18324736,1611.29316352,1606.06830592,1651.60075264,1576.41965568,1518.6337792,1571.7654528,1571.68549888,1565.67027712
30,1616.01191936,1606.0481536,1635.73153792,1638.25287168,1658.78644736,1615.32985344,1662.43713024,1608.40073216,1600.64684032,1643.9181312,1651.2196608,1616.36483072,1674.83244544,1662.52855296,1611.30610688,1649.18034432,1667.7052416,1627.25888,1641.03716864,1585.15298304,1640.07952384,1613.12505856,1616.67219456,1602.10272256,1629.04866816,1605.33774336,1641.05076736,1636.00285696,1581.66171648,1637.50330368,1619.43535616,1628.47309824,1646.26743296,1586.03558912,1548.72250368,1616.73560064,1611.2361472,1609.80615168,1652.584448,1631.95568128,1647.27750656,1611.2082944,1545.60905216,1621.26053376,1652.4312576,1625.83658496,1626.79046144,1611.34411776,1648.19288064,1661.30302976,1666.07781888,1701.61045504,1631.42926336,1568.6434816,1631.77529344,1626.69494272,1610.6799104
31,1671.02152704,1661.05759744,1685.74124032,1698.26238464,1703.79608064,1675.33920256,1707.44659968,1658.41043456,1660.65651712,1693.9278336,1706.22926848,1676.37434368,1719.84224256,1717.53816064,1656.315904,1699.18988288,1717.714944,1672.26867712,1701.04684544,1640.16259072,1700.0890368,1668.1345024,1666.68156928,1652.1125888,1679.05837056,1655.34744576,1686.06040064,1681.01265408,1631.67141888,1682.5131008,1674.44512768,1683.48270592,1706.27710976,1631.0452224,1593.7323008,1671.74520832,1661.2458496,1669.81566464,1697.59424512,1691.96519424,1692.28713984,1671.2179712,1600.61882368,1676.27014144,1702.44096,1670.84621824,1671.80025856,1666.35372544,1698.20258304,1711.31256832,1711.08745216,1746.62008832,1676.43889664,1618.653184,1676.78476288,1681.7045504,1665.68951808
32,1726.03129856,1716.06736896,1745.75075328,1758.2718976,1763.80542976,1725.34890496,1757.45646592,1703.42006784,1715.6661248,1753.93734656,1766.23878144,1731.38395136,1779.85175552,1767.5476992,1716.32525312,1759.19955968,1762.72457728,1732.27819008,1761.0563584,1690.17229312,1760.09854976,1718.1442048,1716.69110784,1712.12193792,1734.0678144,1700.35707904,1741.07017216,1741.02216704,1691.68093184,1727.52257024,1719.45476096,1743.49221888,1751.28674304,1676.05501952,1653.74181376,1726.754816,1706.25531904,1729.8251776,1757.60359424,1741.97489664,1752.29681664,1731.22748416,1660.62833664,1726.27968,1762.45047296,1715.85601536,1721.80979712,1711.36319488,1758.212096,1771.32191744,1756.09708544,1801.62953216,1736.44857344,1678.6628608,1721.79456,1731.71441664,1710.69915136
33,1786.04081152,1766.07690752,1790.7605504,1818.28141056,1808.81522688,1775.35844352,1802.4660992,1748.42970112,1770.67556864,1803.94704896,1816.24848384,1786.39355904,1824.86122496,1827.557376,1761.3348864,1814.20916736,1812.73411584,1792.28786688,1816.06596608,1735.1819264,1810.10825216,1778.15371776,1766.70081024,1757.13173504,1779.07744768,1755.36668672,1801.07968512,1791.03186944,1746.69053952,1772.53220352,1779.46427392,1793.50175744,1806.29635072,1731.0646272,1713.75132672,1771.76428544,1761.26509056,1779.83488,1817.61327104,1786.98452992,1807.30642432,1786.23709184,1710.6378752,1781.28928768,1807.46010624,1760.8654848,1771.81949952,1766.3729664,1818.22160896,1816.3318784,1806.10678784,1861.63920896,1791.45801728,1723.67249408,1781.80407296,1776.72404992,1765.70875904
34,1836.05051392,1821.0865152,1840.77008896,1868.29111296,1853.82469632,1835.36779264,1852.4758016,1803.4393088,1815.68520192,1853.95642368,1876.2579968,1841.40316672,1869.87102208,1882.56698368,1811.3445888,1864.21870592,1872.74379264,1852.297216,1876.07547904,1780.19172352,1860.11779072,1828.16325632,1811.71027968,1807.14143744,1834.0872192,1800.37632,1861.08919808,1851.0413824,1791.7001728,1822.54190592,1829.47381248,1848.51152896,1851.30582016,1781.0743296,1758.76096,1831.77396224,1821.27460352,1829.84441856,1872.62287872,1841.99397376,1867.31610112,1841.24653568,1770.647552,1826.29892096,1867.4696192,1805.87511808,1821.82887424,1826.38247936,1868.23131136,1876.34122752,1851.11642112,1916.64881664,1851.46753024,1768.68212736,1841.81374976,1821.7336832,1825.718272
35,1881.0601472,1876.09612288,1885.77972224,1923.30072064,1898.8343296,1890.37740032,1897.48527104,1853.4490112,1870.69497344,1908.9661952,1936.26750976,1896.4127744,1929.88053504,1942.57649664,1861.35412736,1914.22840832,1932.7533056,1902.3069184,1921.08511232,1825.2013568,1905.12726016,1873.17305344,1856.71991296,1857.150976,1884.0969216,1845.38595328,1921.09871104,1901.0510848,1841.70971136,1882.55158272,1884.483584,1893.52116224,1901.3156864,1826.08396288,1808.77082624,1876.78359552,1871.28414208,1889.85409536,1917.63234816,1897.00374528,1912.3257344,1886.2563328,1820.65709056,1886.30859776,1927.47913216,1860.8848896,1881.8383872,1881.3919232,1918.24068608,1936.35090432,1911.12593408,1961.65844992,1906.47730176,1818.69182976,1896.82335744,1881.74319616,1885.72778496
36,1926.06994432,1921.10575616,1945.78939904,1978.3401472,1958.84367872,1935.3870336,1947.49497344,1898.45864448,1930.7044864,1953.97582848,1981.27714304,1941.42240768,1974.89016832,1987.58612992,1906.36392448,1969.238016,1977.76293888,1957.31652608,1981.09478912,1870.21082624,1960.13686784,1923.18242816,1916.72958976,1907.1606784,1939.10652928,1905.39563008,1976.10848256,1951.06062336,1896.71931904,1937.5611904,1944.49309696,1948.53076992,1946.32531968,1871.09359616,1853.78045952,1931.7932032,1931.29381888,1939.86363392,1977.64202496,1947.01344768,1972.33524736,1936.2660352,1880.66660352,1946.31811072,1982.48873984,1910.89442816,1926.84834816,1926.40172032,1968.25038848,1996.36041728,1966.13554176,2021.66796288,1951.48693504,1863.70146304,1946.83305984,1936.75264,1935.73748736
37,1976.07931904,1981.11543296,2000.79900672,2033.34991872,2003.85347584,1985.39657216,2002.50458112,1958.46815744,1985.71393024,1998.98546176,2031.28684544,2001.43208448,2034.89984512,2037.59599616,1966.37343744,2029.24736512,2037.77261568,2012.32613376,2036.1043968,1915.22062336,2010.14657024,1973.19196672,1971.7390336,1967.17019136,1999.11604224,1965.40514304,2021.11811584,2006.07039488,1951.72892672,1992.57063424,1994.50279936,2003.5403776,2006.33499648,1926.10320384,1898.7900928,1976.80300032,1981.30335744,1999.87314688,2032.65163264,2007.02312448,2027.34485504,1991.27564288,1930.67630592,1996.32781312,2042.49841664,1955.90422528,1976.85788672,1986.41123328,2028.25990144,2046.37011968,2011.14533888,2071.67782912,2001.4964736,1908.71109632,1996.8425984,1986.76267008,1990.74709504
38,2021.08911616,2041.12494592,2050.80854528,2078.359552,2063.86282496,2045.40608512,2047.5142144,2003.47779072,2045.72360704,2043.99509504,2081.29654784,2061.44159744,2089.9094528,2092.60544,2016.38313984,2074.25716224,2082.78224896,2062.33583616,2086.1140992,1970.2300672,2070.15591936,2028.2015744,2021.74857216,2022.17996288,2059.12571904,2010.41477632,2071.12781824,2056.08009728,1996.73856,2047.58040576,2054.51231232,2058.54982144,2066.3443456,1986.1127168,1958.79960576,2036.81251328,2026.31315456,2049.88284928,2082.6611712,2057.03266304,2082.35446272,2046.28525056,1990.68581888,2056.33732608,2092.5079552,2010.91383296,2036.86739968,2046.42074624,2088.2694144,2096.37982208,2071.15485184,2121.68720384,2056.50624512,1963.72086784,2056.85211136,2041.77211392,2050.75677184
39,2066.09874944,2096.1345536,2110.81805824,2138.36906496,2113.87236352,2105.41543424,2097.52375296,2058.4873984,2105.73295616,2099.00470272,2126.30618112,2121.4511104,2144.91906048,2152.61495296,2071.39258368,2129.26676992,2132.79195136,2107.34546944,2131.12373248,2015.23986432,2125.16552704,2073.21137152,2071.75827456,2072.18950144,2104.13518848,2055.42457344,2121.1373568,2111.08954112,2046.74842624,2092.59003904,2114.52182528,2103.55945472,2116.354048,2036.12258304,2008.80930816,2086.82205184,2081.3225984,2099.89255168,2142.67068416,2102.04213248,2127.36425984,2101.29485824,2045.69542656,2116.34683904,2152.51746816,2065.9232768,2096.87707648,2101.43019008,2133.27921152,2151.38942976,2121.1643904,2176.69697536,2106.51578368,2018.73047552,2106.86181376,2091.78165248,2100.7663104
40,2121.10835712,2151.14416128,2155.82769152,2193.37867264,2163.88206592,2160.42487808,2147.53345536,2113.49684224,2155.74265856,2149.01424128,2176.31588352,2166.46090752,2189.92869376,2212.62462976,2116.40221696,2174.2764032,2177.80158464,2167.35514624,2186.13334016,2075.24937728,2185.17487616,2118.22084096,2116.767744,2122.19920384,2159.14496,2115.4340864,2176.14696448,2156.09933824,2101.75770624,2137.59967232,2159.5316224,2158.56922624,2176.36356096,2096.13193216,2063.81891584,2146.83172864,2141.3322752,2149.90209024,2187.68031744,2147.0519296,2182.37370368,2161.3043712,2095.70512896,2161.35663616,2202.52717056,2115.9329792,2156.8864256,2146.43982336,2188.28865536,2211.39894272,2166.17418752,2221.70660864,2161.52539136,2063.7401088,2161.87142144,2141.79135488,2155.77591808
41,2171.11805952,2201.15386368,2205.83755776,2253.3881856,2218.89150976,2210.43458048,2207.54296832,2173.50651904,2200.75245568,2209.02375424,2221.3255168,2226.47058432,2249.93837056,2267.6340736,2166.41191936,2229.28617472,2222.81138176,2212.36477952,2231.14297344,2125.25891584,2240.18432,2178.23035392,2171.77718784,2167.20883712,2204.15459328,2175.44359936,2231.156736,2211.10878208,2161.76738304,2182.6093056,2209.54116096,2208.57892864,2226.37326336,2141.14172928,2113.8284544,2201.84133632,2196.34188288,2204.91169792,2232.68995072,2202.06153728,2242.38338048,2221.314048,2150.71473664,2206.36626944,2252.53670912,2160.94244864,2216.8961024,2206.44933632,2238.29835776,2256.408576,2216.18388992,2276.71621632,2211.53509376,2123.74962176,2216.88119296,2196.80096256,2205.78562048
42,2226.1276672,2256.16347136,2260.8470016,2313.39769856,2268.901376,2265.44402432,2257.55250688,2223.51638528,2260.7618048,2269.03343104,2276.33512448,2281.48002816,2294.94784,2322.64368128,2221.42169088,2274.29564416,2272.82092032,2267.3743872,2281.152512,2185.26859264,2300.19383296,2228.24005632,2226.78679552,2212.21863424,2259.1643648,2230.45320704,2291.16608512,2266.1185536,2221.776896,2242.6189824,2254.55095808,2268.58827776,2276.38280192,2191.15143168,2168.83822592,2251.85087488,2256.35139584,2259.92114176,2287.6995584,2262.07105024,2292.39308288,2281.32356096,2210.7242496,2266.37561856,2312.54638592,2210.9519872,2276.90528768,2266.45901312,2298.30787072,2306.4182784,2276.19340288,2326.72591872,2271.54444288,2168.75941888,2271.89080064,2241.81059584,2255.79515904
43,2286.137344,2311.17307904,2305.85679872,2363.40740096,2328.91056128,2310.4536576,2307.56220928,2268.52569088,2305.77160192,2319.04313344,2336.34463744,2331.48956672,2344.95737856,2367.65331456,2266.43116032,2319.30527744,2332.83043328,2312.38402048,2336.16228352,2230.27822592,2350.20353536,2283.24950016,2286.79614464,2267.22824192,2304.17383424,2280.4627456,2351.17576192,2326.12806656,2276.78650368,2292.6286848,2309.56056576,2313.59807488,2321.3924352,2251.16094464,2228.84773888,2311.86055168,2316.3609088,2319.93081856,2342.70932992,2317.08082176,2342.40262144,2336.33316864,2265.73385728,2311.38541568,2362.55592448,2255.96178432,2326.91515392,2316.46855168,2358.31738368,2361.42788608,2336.20291584,2381.73536256,2331.55428352,2228.76893184,2316.90043392,2296.82003968,2305.80486144
44,2336.14688256,2361.1826176,2365.86647552,2418.41700864,2383.92000512,2355.46312704,2362.57165312,2313.53532416,2350.7812352,2369.05250816,2386.354176,2391.49924352,2389.96717568,2422.66308608,2326.44067328,2369.31497984,2392.83994624,2372.39353344,2396.17179648,2285.2878336,2400.21307392,2338.25910784,2336.8056832,2322.2378496,2349.21361408,2330.472448,2401.18546432,2381.13783808,2336.79601664,2342.63822336,2364.57017344,2373.60758784,2366.40223232,2306.17038848,2278.85744128,2356.87018496,2376.37042176,2364.94045184,2387.71879936,2367.09036032,2397.41222912,2396.3426816,2320.74346496,2366.39485952,2412.56562688,2315.97146112,2381.9247616,2376.47822848,2418.32689664,2406.43751936,2396.21259264,2441.74487552,2376.56375296,2278.77863424,2371.91020544,2341.8298368,2360.81430528
45,2386.15658496,2416.19222528,2420.87591936,2478.4265216,2443.92951808,2415.47280384,2407.58145024,2363.54486272,2400.7909376,2429.0623488,2431.36397312,2441.50878208,2439.97687808,2477.67269376,2371.45030656,2414.32461312,2437.84974336,2432.40321024,2446.18149888,2330.29746688,2445.2227072,2388.2686464,2381.81548032,2372.247552,2404.22322176,2380.4821504,2461.19514112,2441.14735104,2391.80562432,2397.64783104,2409.57997056,2418.61722112,2421.41184,2361.18016,2328.86697984,2401.87981824,2421.38021888,2409.95008512,2442.72840704,2412.0999936,2442.4218624,2446.352384,2380.75314176,2411.40465664,2467.57507072,2360.9810944,2441.93411072,2426.4876032,2478.3364096,2466.44719616,2456.22194176,2491.75474176,2421.57355008,2338.78831104,2421.919744,2391.83937536,2410.82384384
46,2431.1660544,2471.20183296,2465.88571648,2528.436224,2498.93912576,2460.48243712,2462.59105792,2418.5544704,2445.80057088,2489.07186176,2486.3735808,2501.51845888,2499.98639104,2522.68232704,2426.46007808,2469.3342208,2492.85951488,2482.41291264,2506.19101184,2385.30707456,2495.23224576,2433.27827968,2441.82499328,2422.2572544,2454.23292416,2435.49175808,2506.2047744,2491.1568896,2446.815232,2442.65746432,2459.58950912,2463.6268544,2476.42144768,2421.18967296,2378.87668224,2456.88958976,2481.38989568,2459.95978752,2502.73808384,2462.109696,2487.43165952,2506.36189696,2430.76284416,2461.4141952,2522.58484224,2405.99072768,2501.94362368,2471.49723648,2523.34620672,2511.45682944,2501.23173888,2536.7642112,2481.5828992,2383.79794432,2481.92925696,2441.84907776,2455.83364096
47,2491.17589504,2521.21153536,2510.89534976,2578.44576256,2548.94866432,2515.49171712,2507.6006912,2473.56407808,2505.92002048,2549.08121088,2541.38318848,2556.52806656,2554.99599872,2577.69193472,2476.46961664,2519.34375936,2537.86898432,2527.42254592,2556.2005504,2430.31670784,2550.2416896,2478.28791296,2491.83453184,2477.26686208,2509.242368,2485.50146048,2551.21440768,2551.1665664,2491.82502912,2502.66714112,2504.5991424,2523.6365312,2531.43105536,2481.19918592,2438.8861952,2511.89919744,2536.39933952,2519.96913664,2552.7476224,2507.11932928,2547.44117248,2551.37169408,2485.77245184,2521.42370816,2572.5943808,2456.00043008,2546.95325696,2521.50677504,2583.35555584,2566.46627328,2551.24127744,2581.77400832,2526.59269632,2433.80748288,2526.93889024,2501.85859072,2505.84334336
48,2546.18533888,2571.22123776,2560.90488832,2623.45555968,2593.95813376,2560.50151424,2562.61029888,2533.57359104,2560.92962816,2609.09072384,2586.39282176,2611.53767424,2605.00553728,2622.701568,2521.47924992,2579.35343616,2582.8786176,2577.43208448,2606.21041664,2475.32634112,2595.25132288,2533.2973568,2546.84397568,2522.27649536,2554.25216512,2535.51099904,2611.22392064,2601.17610496,2536.83449856,2547.6767744,2559.60875008,2568.64600064,2591.44056832,2541.20869888,2498.89570816,2571.90854656,2586.40887808,2574.97890816,2612.7572992,2567.12884224,2602.45078016,2611.38120704,2545.78180096,2571.43341056,2627.60398848,2511.00987392,2591.96305408,2566.51640832,2628.36518912,2626.47595008,2596.25107456,2641.78352128,2586.60237312,2488.8172544,2586.94856704,2556.8681984,2565.85285632
49,2601.1951104,2631.23075072,2605.9145216,2668.46502912,2653.96781056,2605.51114752,2612.61983744,2593.583104,2610.93916672,2669.1002368,2641.40242944,2661.5472128,2665.01521408,2677.71117568,2581.48876288,2629.36297472,2637.88822528,2627.44178688,2661.22002432,2520.3359744,2650.26093056,2588.30696448,2596.85367808,2567.28629248,2604.26186752,2595.520512,2656.23371776,2646.18590208,2586.84403712,2592.68640768,2614.61835776,2613.65579776,2646.450176,2586.218496,2558.90538496,2621.91824896,2631.4186752,2619.98854144,2672.76681216,2627.1383552,2652.46048256,2671.39072,2595.7916672,2626.44301824,2687.61350144,2556.01967104,2641.97259264,2626.52608512,2688.37486592,2686.48562688,2651.34063616,2696.7932928,2631.6120064,2543.82686208,2631.95820032,2606.87773696,2620.862464
